{"accel": {"mag": 0.9852997164370717, "x": 0.011627197265625, "y": 0.0017852783203125, "z": 0.9852294921875}, "als": {"lux_factor": 0.0, "spectral": [0, 0, 0, 0]}, "ecosystem_weather": {"air_fluid_density":2.2264931824081815,"api_humidity_pct":97.0,"category":"Moist / Fog Risk","dew_point_k":303.4142540646027,"dew_point_spread":0.5457459353973206,"hum_offset":0.0,"humidity_pct":96.9248,"metar_taf":{"metar":"METAR EARU 261726Z 00000KT 1/2SM VV001 31/30 A2992","taf":"TAF EARU 261726Z 2617/2717 00000KT 1/2SM VV001 BECMG 261700/261704 1SM FG VV001","wind_dir_deg":0.0,"wind_speed_kts":0.0},"pressure_tendency_hpa":0.0,"smc_p_offset_hpa":0.0,"wind_map":{"grid_7x7_10m":[[[0.0,[0.0,0.0,0.0],1013.25,293.15],[0.0,[0.0,0.0,0.0],1013.25,293.15],[0.0,[0.0,0.0,0.0],1013.25,293.15],[0.0,[0.0,0.0,0.0],1013.25,293.15],[0.0,[0.0,0.0,0.0],1013.25,293.15],[0.0,[0.0,0.0,0.0],1013.25,293.15],[0.0,[0.0,0.0,0.0],1013.25,293.15]],[[0.0,[0.0,0.0,0.0],1013.25,293.15],[0.0,[0.0,0.0,0.0],1013.25,293.15],[0.0,[0.0,0.0,0.0],1013.25,293.15],[0.0,[0.0,0.0,0.0],1013.25,293.15],[0.0,[0.0,0.0,0.0],1013.25,293.15],[0.0,[0.0,0.0,0.0],1013.25,293.15],[0.0,[0.0,0.0,0.0],1013.25,293.15]],[[0.0,[0.0,0.0,0.0],1013.25,293.15],[0.0,[0.0,0.0,0.0],1013.25,293.15],[0.0,[0.0,0.0,0.0],1013.25,293.15],[0.0,[0.0,0.0,0.0],1013.25,293.15],[0.0,[0.0,0.0,0.0],1013.25,293.15],[0.0,[0.0,0.0,0.0],1013.25,293.15],[0.0,[0.0,0.0,0.0],1013.25,293.15]],[[0.0,[0.0,0.0,0.0],1013.25,293.15],[0.0,[0.0,0.0,0.0],1013.25,293.15],[0.0,[0.0,0.0,0.0],1013.25,293.15],[0.0,[0.0,0.0,0.0],1013.25,293.15],[0.0,[0.0,0.0,0.0],1013.25,293.15],[0.0,[0.0,0.0,0.0],1013.25,293.15],[0.0,[0.0,0.0,0.0],1013.25,293.15]],[[0.0,[0.0,0.0,0.0],1013.25,293.15],[0.0,[0.0,0.0,0.0],1013.25,293.15],[0.0,[0.0,0.0,0.0],1013.25,293.15],[0.0,[0.0,0.0,0.0],1013.25,293.15],[0.0,[0.0,0.0,0.0],1013.25,293.15],[0.0,[0.0,0.0,0.0],1013.25,293.15],[0.0,[0.0,0.0,0.0],1013.25,293.15]],[[0.0,[0.0,0.0,0.0],1013.25,293.15],[0.0,[0.0,0.0,0.0],1013.25,293.15],[0.0,[0.0,0.0,0.0],1013.25,293.15],[0.0,[0.0,0.0,0.0],1013.25,293.15],[0.0,[0.0,0.0,0.0],1013.25,293.15],[0.0,[0.0,0.0,0.0],1013.25,293.15],[0.0,[0.0,0.0,0.0],1013.25,293.15]],[[0.0,[0.0,0.0,0.0],1013.25,293.15],[0.0,[0.0,0.0,0.0],1013.25,293.15],[0.0,[0.0,0.0,0.0],1013.25,293.15],[0.0,[0.0,0.0,0.0],1013.25,293.15],[0.0,[0.0,0.0,0.0],1013.25,293.15],[0.0,[0.0,0.0,0.0],1013.25,293.15],[0.0,[0.0,0.0,0.0],1013.25,293.15]]],"stats":{"0.1":[0.0,"N","\u2191",0.0],"1.0":[0.0,"N","\u2191",0.0],"10.0":[0.0,"N","\u2191",0.0],"100.0":[0.0,"N","\u2191",0.0]}}}, "events": [{"amp": 0.9827087686846189, "bands": [], "lbl": "", "nsrc": 1, "sev": "VIBRATION", "src": ["CUSUM"], "sym": "\u25cf", "time": 1779816380.0, "tstr": "17:26:20.00"}], "gyro": {"x": -0.1220703125, "y": 0.06103515625, "z": 0.06103515625}, "high_res_drift": {"gpu_lat_ms": 18.2000007629394531, "inference_fabric_lat_ms": 0.0, "interference": "No", "rtc_jitter_ms": 0.0034600000362843, "spu_lat_ms": 290.600006103515625, "t_cpu_ns": 291850563887125, "t_dat_ns": 291850563887125, "t_gpu_ns": 291850563887125, "t_inference_fabric_ns": 291850563887125, "t_rtc_ns": 1779816380215754000, "t_spu_ns": 291850563887125, "ts": "2026-05-27T00:26:20.000000"}, "lid_angle": 110.0, "lid_speed": 0.0, "hinge_airflow": 7.0477886251563922, "outflow_mass_flow": 0.0014095577250313, "outflow_heatflux": 0.0, "location": {"CorrectionFactor_Reckoning_Altitude": 0.1883487729564518, "alt_inop": false, "CorrectionFactor_Reckoning_Heading": 269.7619091835799168, "CorrectionFactor_Reckoning_Velocity": 9.4707412835839815, "CorrectionFactor_Reckoning_VerticalRate": 8.0028853982155823, "alt": 32.1911569739252101, "alt_rate": 0.0098364470911796, "calibrated_g": 0.9842487201290321, "compass_dir": "", "heading": 118.3132047766497408, "lat": -6.3330266381280955, "lon": 106.9712389600859836, "lockin_miss": 15.199999999999962, "mach": 0.0008124488189288, "odometer_30m": 0.0, "master_warning": true, "master_caution": false, "warning_reason": "SHOCK_DETECTED [PROTECT UNIT]", "caution_reason": "", "pos": [-2.331779132065166, -1.2972628316004366, 0.0028082009687571], "vel": [-0.2493957842555772, -0.1358904020604124, 0.0012291125764931], "pressure_hpa": 1009.3887992214350788, "total_distance_m": 1580.4659326104119828, "v_mag": 0.2840175510321865, "time": 1779816381.0, "locationd_anchor_refresh_speed": 25.7397367345172015, "transportation_category": "Pedestrian/Walking"}, "loop_consistency": {"avg_ms": 2.0423329999999988, "low_01_ms": 157.3220000000000027, "low_1_ms": 22.2911999999999964, "pct_90_ms": 99.5999999999999943, "stutter_warning": true, "stutters": 3, "wcef_latency": 157322000000.0}, "orientation": {"pitch": -0.6553792286997839, "q": [0.2465872594832767, -0.0053543962392491, -0.0021500277886971, -0.9691034161955823], "roll": 0.0874705166873363, "yaw": -151.4488323302862511}, "orientation_degree": {"pitch": -0.6553792286997839, "roll": 0.0874705166873363, "yaw": -151.4488323302862511}, "p_augmented": "22bace9b2b21c941918ce1df6cc011b8a6f45d677a67c581e9b3c4e5e7f802f4", "p_external": "cd26391427965d68543c2881b037bb4b31eab9b42aa672b79e9cd234260d9f5a", "p_internal": "1009a0b9ef7451f8eb5248db5522538f5975478f0b8911c6d757bc427036ab88", "seismic_activity": {"certainty": 0.8637916660043889, "damage_fatigue": {"aggregated_risk": 0.0036508019288875, "structural_life_left_y": 0.0, "structural_life_left_m": 0.0, "structural_life_left_d": 0.0, "alt_stress_multiplier": 1.0032191156973924, "anomaly_event_upset": 0, "cumulative_fatigue": 9.640254928342585e-11, "data_integrity_check": {"active": false, "triggered_at": 0.0}, "electromech_fatigue_prob": 0.0018254009644437, "seu_risk_multiplier": 1.0149866636337059, "solder_fatigue_prob": 9.640254928342585e-11}, "motion_type": "Physical Shock", "peak_g": 2.7625791634215058, "spectral_balance": 0.0005791542760524}, "smc": {"AccumulativePowerUsageMeter_Wh": 7841.376953125, "AccumulativePowerUsageThisMonth_Wh": 7841.376953125, "DayPowerUsage_Wh": 4.5080852508544922, "EstimatedTodayPowerUsage_Wh": 246.4005889892578125, "PowerRateUsage": 10.2666000000000004, "PulsingSuggestionMaintenanceWindowWake": 302.57513427734375, "PulsingSuggestionMaintenanceWindowWakeLength": 50.0, "WillBatterySurviveOneDay": "No", "airflow_inlet_k": 307.62078857421875, "airflow_outlet_k": 307.5880126953125, "ambient_temp_k": 304.1499999999999773, "fan_rpms": [3009.0, 2991.0799999999999272], "PropellerEngine1Tach": 3009.0, "PropellerEngine2Tach": 2991.0799999999999272, "F0Tg": 3000.0, "F1Tg": 3000.0, "gas_constants": {"Cp": 1005.2074996948242642, "R": 287.0579999999999927, "gamma": 1.3997190001830879}, "fluid_dynamics": {"flow_scale_l": 0.01, "char_velocity_u0": 2.8000373333333335, "turbulence_int_up": 2.8000373333333335, "reynolds_number_re0": 1788.5294961209574467, "reynolds_number": 8942.647480604786324, "weber_number": 31.4735706362528909, "strouhal_number": 1.3214285714285712, "cauchy_number": 0.0016038706046096}, "heatflux_j": 0.0, "humidity_pct": 50.0, "inOrderToSurviveDayMustHibernate": "No", "massflow_kg_s": 0.0080930959699473, "power": 10.2666000000000004, "thermal_inefficiency_w": 10.2666000000000004, "cooling_efficiency_pct": 0.0, "work_efficiency_pct": 100.0, "talp_k": 317.4814999999999827, "tarf_k": 319.4633000000000038, "temps": {"PSTR": 10.2666000000000004, "TCMz": 62.534399999999998, "TaLP": 44.3314999999999984, "TaLT": 34.4380000000000024, "TaLW": 34.470799999999997, "TaRF": 46.3132999999999981, "TaRT": 36.0090000000000003, "TaRW": 38.3603999999999985, "Tg0X": 54.9831999999999965, "Ts0P": 44.3151999999999973, "Ts1P": 31.0}, "thrust_n": 0.0566524271452552, "turbo": 0}, "system": {"BatteryDesignCapacityWh": 76.873046875, "BatteryEnergyBankWh": 49.8061447143554688, "BatteryFullChargeCapacityWh": 55.3359413146972656, "BatteryHealthPct": 71.9835357666015625, "battery_charging": true, "battery_percent": 91, "cpu_usage": 34.5, "load_avg": [4.337890625, 3.4013671875, 3.5146484375], "mem_usage": 78.8000030517578125, "nonHumanInputHIDIdle": 2652.3696621250001044,