{"accel": {"mag": 0.9853837475373728, "x": -0.010467529296875, "y": 0.0102081298828125, "z": 0.9852752685546875}, "als": {"lux_factor": 0.0039264755323529, "spectral": [0, 0, 0, 0]}, "ecosystem_weather": {"air_fluid_density":2.2264931824081815,"api_humidity_pct":97.0,"category":"Moist / Fog Risk","dew_point_k":303.4142540646027,"dew_point_spread":0.5457459353973206,"hum_offset":0.0,"humidity_pct":96.9248,"metar_taf":{"metar":"METAR EARU 262023Z 00000KT 1/2SM VV001 31/30 A2992","taf":"TAF EARU 262023Z 2620/2720 00000KT 1/2SM VV001 BECMG 262000/262004 1SM FG VV001","wind_dir_deg":0.0,"wind_speed_kts":0.0},"pressure_tendency_hpa":0.0,"smc_p_offset_hpa":0.0,"wind_map":{"grid_7x7_10m":[[[0.0,[0.0,0.0,0.0],1013.25,293.15],[0.0,[0.0,0.0,0.0],1013.25,293.15],[0.0,[0.0,0.0,0.0],1013.25,293.15],[0.0,[0.0,0.0,0.0],1013.25,293.15],[0.0,[0.0,0.0,0.0],1013.25,293.15],[0.0,[0.0,0.0,0.0],1013.25,293.15],[0.0,[0.0,0.0,0.0],1013.25,293.15]],[[0.0,[0.0,0.0,0.0],1013.25,293.15],[0.0,[0.0,0.0,0.0],1013.25,293.15],[0.0,[0.0,0.0,0.0],1013.25,293.15],[0.0,[0.0,0.0,0.0],1013.25,293.15],[0.0,[0.0,0.0,0.0],1013.25,293.15],[0.0,[0.0,0.0,0.0],1013.25,293.15],[0.0,[0.0,0.0,0.0],1013.25,293.15]],[[0.0,[0.0,0.0,0.0],1013.25,293.15],[0.0,[0.0,0.0,0.0],1013.25,293.15],[0.0,[0.0,0.0,0.0],1013.25,293.15],[0.0,[0.0,0.0,0.0],1013.25,293.15],[0.0,[0.0,0.0,0.0],1013.25,293.15],[0.0,[0.0,0.0,0.0],1013.25,293.15],[0.0,[0.0,0.0,0.0],1013.25,293.15]],[[0.0,[0.0,0.0,0.0],1013.25,293.15],[0.0,[0.0,0.0,0.0],1013.25,293.15],[0.0,[0.0,0.0,0.0],1013.25,293.15],[0.0,[0.0,0.0,0.0],1013.25,293.15],[0.0,[0.0,0.0,0.0],1013.25,293.15],[0.0,[0.0,0.0,0.0],1013.25,293.15],[0.0,[0.0,0.0,0.0],1013.25,293.15]],[[0.0,[0.0,0.0,0.0],1013.25,293.15],[0.0,[0.0,0.0,0.0],1013.25,293.15],[0.0,[0.0,0.0,0.0],1013.25,293.15],[0.0,[0.0,0.0,0.0],1013.25,293.15],[0.0,[0.0,0.0,0.0],1013.25,293.15],[0.0,[0.0,0.0,0.0],1013.25,293.15],[0.0,[0.0,0.0,0.0],1013.25,293.15]],[[0.0,[0.0,0.0,0.0],1013.25,293.15],[0.0,[0.0,0.0,0.0],1013.25,293.15],[0.0,[0.0,0.0,0.0],1013.25,293.15],[0.0,[0.0,0.0,0.0],1013.25,293.15],[0.0,[0.0,0.0,0.0],1013.25,293.15],[0.0,[0.0,0.0,0.0],1013.25,293.15],[0.0,[0.0,0.0,0.0],1013.25,293.15]],[[0.0,[0.0,0.0,0.0],1013.25,293.15],[0.0,[0.0,0.0,0.0],1013.25,293.15],[0.0,[0.0,0.0,0.0],1013.25,293.15],[0.0,[0.0,0.0,0.0],1013.25,293.15],[0.0,[0.0,0.0,0.0],1013.25,293.15],[0.0,[0.0,0.0,0.0],1013.25,293.15],[0.0,[0.0,0.0,0.0],1013.25,293.15]]],"stats":{"0.1":[0.0,"N","\u2191",0.0],"1.0":[0.0,"N","\u2191",0.0],"10.0":[0.0,"N","\u2191",0.0],"100.0":[0.0,"N","\u2191",0.0]}}}, "events": [{"amp": 0.9873634347077366, "bands": [], "lbl": "", "nsrc": 1, "sev": "VIBRATION", "src": ["CUSUM"], "sym": "\u25cf", "time": 1779827030.0, "tstr": "20:23:50.00"}], "gyro": {"x": 0.6103515625, "y": 1.708984375, "z": 0.91552734375}, "high_res_drift": {"gpu_lat_ms": 18.6000003814697266, "inference_fabric_lat_ms": 0.0, "interference": "Yes", "rtc_jitter_ms": 0.0039800000376999, "spu_lat_ms": 290.79998779296875, "t_cpu_ns": 302499811987833, "t_dat_ns": 302499811987833, "t_gpu_ns": 302499811987833, "t_inference_fabric_ns": 302499811987833, "t_rtc_ns": 1779827029404460000, "t_spu_ns": 302499811987833, "ts": "2026-05-27T03:23:49.000000"}, "lid_angle": 110.0, "lid_speed": 0.0, "hinge_airflow": 7.0477886251563922, "outflow_mass_flow": 0.0014095577250313, "outflow_heatflux": 0.0, "location": {"CorrectionFactor_Reckoning_Altitude": 0.0001808019953547, "alt_inop": false, "CorrectionFactor_Reckoning_Heading": 190.9547277873069788, "CorrectionFactor_Reckoning_Velocity": 10.0, "CorrectionFactor_Reckoning_VerticalRate": 10.0, "alt": 29.9787012838597455, "alt_rate": -0.1834481317067032, "calibrated_g": 0.9848072280616095, "compass_dir": "", "heading": 358.4185634223496209, "lat": -6.3328909440794314, "lon": 106.97115962768504, "lockin_miss": 11.2999999999999758, "mach": 0.0194407980781547, "odometer_30m": 0.0, "master_warning": true, "master_caution": false, "warning_reason": "INTERFERENCE [MOVE AWAY FROM EM] SHOCK_DETECTED [PROTECT UNIT]", "caution_reason": "", "pos": [-9.409017620205546, 2.4424607354297949, -0.0214795181356096], "vel": [-6.1030640617347913, 2.9899818141913417, -0.0183448131706703], "pressure_hpa": 1009.6537925606206727, "total_distance_m": 3988.3892390292558048, "v_mag": 6.796154701226568, "time": 1779827030.0, "locationd_anchor_refresh_speed": 4.0, "transportation_category": "Automotive/Transport"}, "loop_consistency": {"avg_ms": 1.8694250000000003, "low_01_ms": 6.6619999999999999, "low_1_ms": 4.4988999999999999, "pct_90_ms": 100.0, "stutter_warning": true, "stutters": 12, "wcef_latency": 6662000000.0}, "orientation": {"pitch": 0.6610356799954809, "q": [0.1092028183299837, -0.0052562692982936, 0.0049796900582277, 0.9939931180791829], "roll": 0.5014674485387099, "yaw": 167.4639770858127577}, "orientation_degree": {"pitch": 0.6610356799954809, "roll": 0.5014674485387099, "yaw": 167.4639770858127577}, "p_augmented": "3b75c2510a3b37053a3ab493b437a1f7a4814af3aabb72ef71f534536ed6d609", "p_external": "9347b7677e40a9118bf59ac67a1fde35fc5bd362a24151cbdbfc712292ef3e29", "p_internal": "9fbf91e61c789385df86c0b473882853e1422535b8de0468494eb182a7971719", "seismic_activity": {"certainty": 0.8637916660043889, "damage_fatigue": {"aggregated_risk": 0.2533978587310305, "structural_life_left_y": 0.0, "structural_life_left_m": 0.0, "structural_life_left_d": 0.0, "alt_stress_multiplier": 1.0029978701283859, "anomaly_event_upset": 0, "cumulative_fatigue": 8.995568838326065e-11, "data_integrity_check": {"active": false, "triggered_at": 0.0}, "electromech_fatigue_prob": 0.0016989293655153, "seu_risk_multiplier": 1.0139495003518939, "solder_fatigue_prob": 8.995568838326065e-11}, "motion_type": "Physical Shock", "peak_g": 2.7625791634215058, "spectral_balance": -0.000845074416789}, "smc": {"AccumulativePowerUsageMeter_Wh": 7871.7470703125, "AccumulativePowerUsageThisMonth_Wh": 7871.7470703125, "DayPowerUsage_Wh": 34.8777961730957031, "EstimatedTodayPowerUsage_Wh": 246.401123046875, "PowerRateUsage": 10.2666000000000004, "PulsingSuggestionMaintenanceWindowWake": 300.0, "PulsingSuggestionMaintenanceWindowWakeLength": 60.0, "WillBatterySurviveOneDay": "No", "airflow_inlet_k": 307.62078857421875, "airflow_outlet_k": 307.5880126953125, "ambient_temp_k": 304.1499999999999773, "fan_rpms": [3009.0, 2991.0799999999999272], "PropellerEngine1Tach": 3009.0, "PropellerEngine2Tach": 2991.0799999999999272, "F0Tg": 3000.0, "F1Tg": 3000.0, "gas_constants": {"Cp": 1005.2074996948242642, "R": 287.0579999999999927, "gamma": 1.3997190001830879}, "fluid_dynamics": {"flow_scale_l": 0.01, "char_velocity_u0": 2.8000373333333335, "turbulence_int_up": 2.8000373333333335, "reynolds_number_re0": 1788.9539666103582931, "reynolds_number": 8944.7698330517905561, "weber_number": 31.4810402373750016, "strouhal_number": 1.3214285714285712, "cauchy_number": 0.0016038706046096}, "heatflux_j": 0.0, "humidity_pct": 50.0, "inOrderToSurviveDayMustHibernate": "No", "massflow_kg_s": 0.0080950166989119, "power": 10.2666000000000004, "thermal_inefficiency_w": 10.2666000000000004, "cooling_efficiency_pct": 0.0, "work_efficiency_pct": 100.0, "talp_k": 317.4814999999999827, "tarf_k": 319.4633000000000038, "temps": {"PSTR": 10.2666000000000004, "TCMz": 62.534399999999998, "TaLP": 44.3314999999999984, "TaLT": 34.4380000000000024, "TaLW": 34.470799999999997, "TaRF": 46.3132999999999981, "TaRT": 36.0090000000000003, "TaRW": 38.3603999999999985, "Tg0X": 54.9831999999999965, "Ts0P": 44.3151999999999973, "Ts1P": 31.0}, "thrust_n": 0.056665872427275, "turbo": 0}, "system": {"BatteryDesignCapacityWh": 76.57537841796875, "BatteryEnergyBankWh": 55.0964546203613281, "BatteryFullChargeCapacityWh": 55.0964546203613281, "BatteryHealthPct": 71.9506149291992188, "battery_charging": true, "battery_percent": 100, "cpu_usage": 31.6000003814697266, "load_avg": [2.9375, 3.1142578125, 3.20947265625], "mem_usage": 82.9000015258789063, "nonHumanInputHIDIdle": 0.291428791,